YNL189W,YPR052C
YFR033C,YJR048W
YGR183C,YJR048W
YFR033C,YPR191W
YGL103W,YLR344W
YGL103W,YPR102C
YGL103W,YMR242C
YER117W,YGL103W
YBL092W,YGL103W
YGL103W,YLR185W
YBR181C,YML024W
YML024W,YMR143W
YML024W,YOR369C
YDL140C,YHR041C
YDL140C,YHR143W-A
YGL031C,YLR061W
YDL075W,YGL031C
YGL031C,YKR094C
YDL133C-A,YGL031C
YGL030W,YGL031C
YGL031C,YOR063W
YGL076C,YOL127W
YDL075W,YOL127W
YKR094C,YOL127W
YDL133C-A,YOL127W
YGL030W,YOL127W
YHL033C,YOL127W
YLR075W,YOL127W
YGL147C,YJL189W
YJL189W,YOR312C
YJL189W,YJR094W-A
YFR031C-A,YJL189W
YDL184C,YJL189W
YJL189W,YPL131W
YDL082W,YJL189W
YGL147C,YLR340W
YLR340W,YOR312C
YFR031C-A,YLR340W
YDL184C,YLR340W
YLR340W,YPL131W
YLR325C,YLR340W
YDL082W,YLR340W
YGL076C,YMR194W
YGL076C,YLR029C
YGL076C,YNL162W
YFR031C-A,YGL076C
YDL184C,YGL076C
YGL076C,YHL033C
YDL082W,YGL076C
YGL147C,YPL143W
YGL147C,YPR043W
YBL027W,YGL147C
YDL136W,YGL147C
YDL191W,YGL147C
YGL147C,YKL006W
YGL147C,YLR075W
YFR032C-A,YKL180W
YBL087C,YKL180W
YKL180W,YOL120C
YIL133C,YKL180W
YKL180W,YML073C
YBR191W,YKL180W
YHR010W,YLR344W
YJR094W-A,YLR344W
YER117W,YLR344W
YBL092W,YLR344W
YFR031C-A,YPL143W
YNL301C,YPL143W
YDL184C,YPL143W
YPL131W,YPL143W
YLR325C,YPL143W
YML073C,YPL143W
YDL082W,YPL143W
YDL075W,YMR194W
YKR094C,YMR194W
YMR194W,YOR312C
YDL133C-A,YMR194W
YGL030W,YMR194W
YHL033C,YMR194W
YMR194W,YPL131W
YLR075W,YMR194W
YDL075W,YFR032C-A
YFR032C-A,YHR141C
YFR032C-A,YNL301C
YDL133C-A,YFR032C-A
YFR032C-A,YLR325C
YLR029C,YLR061W
YDL075W,YLR029C
YKR094C,YLR029C
YDL133C-A,YLR029C
YGL030W,YLR029C
YLR029C,YOR063W
YHL033C,YLR029C
YBR031W,YLR061W
YLR061W,YOR063W
YKL006W,YLR061W
YNL178W,YPR132W
YLR287C-A,YNL178W
YNL178W,YPL090C
YBR048W,YNL178W
YML026C,YNL178W
YJR123W,YNL178W
YGL189C,YNL178W
YDR064W,YJR145C
YBR181C,YDR064W
YDR064W,YLR441C
YDR064W,YGR027C
YDR064W,YOR167C
YBR181C,YLR167W
YGR214W,YLR167W
YLR167W,YLR441C
YLR167W,YOR167C
YCR031C,YER102W
YCR031C,YOR096W
YGR183C,YPR191W
YGL043W,YPR187W
YDR404C,YGL043W
YBR181C,YKR057W
YKR057W,YMR143W
YKR057W,YOR369C
YBL072C,YJL190C
YJL190C,YMR143W
YJL190C,YOR369C
YGR027C,YJL190C
YHR010W,YPR102C
YMR242C,YPR102C
YJR094W-A,YPR102C
YER117W,YPR102C
YOL120C,YPR102C
YBL092W,YPR102C
YHR010W,YMR242C
YHR010W,YLR185W
YER056C-A,YHR010W
YDL075W,YNL162W
YBR084C-A,YDL075W
YDL075W,YDL133C-A
YDL075W,YGL030W
YDL075W,YHL033C
YKR094C,YNL162W
YIL148W,YOL120C
YBR031W,YKR094C
YKL006W,YKR094C
YER056C-A,YIL148W
YIL148W,YML073C
YJR094W-A,YMR242C
YER117W,YMR242C
YBL092W,YMR242C
YER056C-A,YOR312C
YFR031C-A,YPR043W
YNL301C,YPR043W
YDL184C,YPR043W
YPL131W,YPR043W
YJR094W-A,YLR185W
YLR325C,YPR043W
YER056C-A,YJR094W-A
YML073C,YPR043W
YDL082W,YPR043W
YBL087C,YHR141C
YHR141C,YIL018W
YHR141C,YOL120C
YDL133C-A,YNL162W
YGL030W,YNL162W
YNL162W,YOR063W
YHL033C,YNL162W
YLR075W,YNL162W
YHR141C,YML073C
YBR191W,YHR141C
YBR181C,YPR132W
YGR214W,YPR132W
YGL189C,YGR118W
YGR118W,YLR388W
YER074W,YER102W
YBR048W,YIL069C
YDR450W,YER074W
YER074W,YOR096W
YGL189C,YIL069C
YIL069C,YLR388W
YLR287C-A,YOL040C
YBL072C,YJR145C
YHR203C,YML026C
YHR203C,YJR123W
YJR145C,YOR096W
YHR203C,YLR150W
YGL189C,YHR203C
YGR027C,YJR145C
YGR214W,YPL090C
YBR181C,YMR116C
YBR181C,YHL015W
YER102W,YMR143W
YBL072C,YLR441C
YER102W,YGL189C
YER102W,YOR369C
YBL072C,YGR027C
YBL072C,YOR167C
YBL087C,YFR031C-A
YBL087C,YNL301C
YBL087C,YDL136W
YBL087C,YDL184C
YER117W,YLR185W
YBL087C,YLR325C
YER056C-A,YER117W
YIL018W,YOL120C
YBL027W,YIL018W
YDL136W,YIL018W
YDL191W,YIL018W
YFR031C-A,YKL006W
YFR031C-A,YLR075W
YIL018W,YML073C
YBR191W,YFR031C-A
YBR048W,YDR450W
YBR048W,YGL123W
YDR025W,YOR096W
YBR048W,YOL040C
YBL027W,YOL120C
YDL136W,YOL120C
YDL191W,YOL120C
YIL133C,YNL301C
YBR191W,YNL301C
YDL083C,YML026C
YDL083C,YGR214W
YLR388W,YMR143W
YGL123W,YML026C
YDR450W,YLR388W
YBR084C-A,YIL133C
YBL027W,YBL092W
YBR084C-A,YER056C-A
YBL027W,YML073C
YDL136W,YML073C
YDL191W,YML073C
YBR191W,YDL136W
YDL133C-A,YGL030W
YDL133C-A,YHL033C
YDL184C,YKL006W
YDL184C,YLR075W
YBR191W,YDL184C
YBR031W,YOR063W
YBR031W,YBR191W
YGL030W,YHL033C
YKL006W,YOR063W
YIL021W,YPR086W
YDR045C,YIL021W
YPR086W,YPR187W
YOR224C,YPR086W
YLR199C,YOR362C
YGL011C,YLR199C
YOR210W,YPR086W
YDR045C,YOR210W
YFR050C,YGR135W
YGR135W,YJL001W
YKL206C,YML092C
YKL206C,YOR157C
YGL123W,YJR123W
YER094C,YKL206C
YER056C-A,YPL131W
YJR123W,YOL040C
YIL133C,YLR325C
YLR441C,YOR096W
YMR116C,YOR096W
YHL015W,YOR096W
YGL070C,YPR086W
YDR404C,YPR086W
YOL005C,YPR086W
YGR253C,YJL001W
YGR214W,YMR116C
YGR214W,YHL015W
YGR027C,YLR441C
YKL156W,YLR388W
YDL082W,YKL006W
YBL092W,YLR185W
YDR328C,YLR079W
YLR150W,YLR388W
YGL189C,YOL040C
YLR388W,YOR369C
YDL082W,YLR075W
YOR167C,YOR369C
YBR191W,YLR325C
YGR027C,YOR167C
YHR084W,YMR042W
YGR118W,YPL081W
YDR450W,YPL081W
YKL156W,YPL081W
YLR150W,YPL081W
YOR369C,YPL081W
YOL040C,YPL081W
YDR529C,YJR048W
YJL166W,YJR048W
YBL045C,YFR033C
Q0130,YJR121W
YGL031C,YGL103W
YGL103W,YLR061W
YGL103W,YKR094C
YBR031W,YGL103W
YGL103W,YOR063W
YKR057W,YML024W
YJL190C,YML024W
YML024W,YPR132W
YML024W,YPL090C
YER102W,YML024W
YLR388W,YML024W
YGL031C,YLR344W
YGL031C,YPR102C
YGL031C,YMR242C
YBL027W,YGL031C
YDL136W,YGL031C
YDL191W,YGL031C
YGL031C,YLR185W
YKL180W,YOL127W
YOL127W,YPL143W
YIL148W,YOL127W
YOL127W,YPR043W
YHR141C,YOL127W
YIL018W,YOL127W
YBL027W,YOL127W
YDL136W,YOL127W
YDL191W,YOL127W
YFR032C-A,YJL189W
YBL087C,YJL189W
YIL133C,YJL189W
YBR191W,YJL189W
YFR032C-A,YLR340W
YBL087C,YLR340W
YIL133C,YLR340W
YBR191W,YLR340W
YGL076C,YGL147C
YFR032C-A,YGL076C
YBL087C,YGL076C
YGL076C,YIL018W
YGL076C,YOL120C
YGL076C,YML073C
YBR191W,YGL076C
YGL147C,YKL180W
YDL075W,YGL147C
YGL147C,YHR141C
YGL147C,YNL301C
YDL133C-A,YGL147C
YGL030W,YGL147C
YGL147C,YLR325C
YKL180W,YMR194W
YKL180W,YLR029C
YKL180W,YNL162W
YFR031C-A,YKL180W
YDL184C,YKL180W
YDL082W,YKL180W
YLR029C,YLR344W
YLR061W,YLR344W
YLR344W,YOR312C
YBR031W,YLR344W
YLR344W,YPL131W
YKL006W,YLR344W
YFR032C-A,YPL143W
YPL143W,YPR102C
YBL087C,YPL143W
YOR063W,YPL143W
YIL133C,YPL143W
YBR191W,YPL143W
YIL148W,YMR194W
YHR141C,YMR194W
YIL018W,YMR194W
YBL027W,YMR194W
YDL136W,YMR194W
YDL191W,YMR194W
YFR032C-A,YPR043W
YBL027W,YFR032C-A
YDL136W,YFR032C-A
YDL191W,YFR032C-A
YFR032C-A,YKL006W
YFR032C-A,YLR075W
YLR029C,YPR102C
YIL148W,YLR029C
YLR029C,YMR242C
YHR141C,YLR029C
YIL018W,YLR029C
YBL027W,YLR029C
YDL136W,YLR029C
YDL191W,YLR029C
YLR029C,YLR185W
YLR061W,YPR102C
YHR010W,YLR061W
YLR061W,YMR242C
YJR094W-A,YLR061W
YER117W,YLR061W
YBL092W,YLR061W
YLR061W,YLR185W
YCR031C,YNL178W
YER074W,YNL178W
YJR145C,YNL178W
YDR025W,YNL178W
YLR441C,YNL178W
YNL178W,YOR369C
YDR064W,YML026C
YDR064W,YJR123W
YDR064W,YGR214W
YDR064W,YLR150W
YKR057W,YLR167W
YJL190C,YLR167W
YER102W,YLR167W
YLR167W,YML026C
YCR031C,YGR118W
YCR031C,YIL069C
YCR031C,YHR203C
YBR048W,YCR031C
YCR031C,YDR450W
YCR031C,YGL123W
YCR031C,YOL040C
YJL166W,YPR191W
YGR118W,YOL121C
YIL069C,YOL121C
YOL121C,YOR096W
YKL156W,YOL121C
YOL040C,YOL121C
YKR057W,YPR132W
YKR057W,YPL090C
YER102W,YKR057W
YKR057W,YMR116C
YHR203C,YJL190C
YJL190C,YPL090C
YDL083C,YJL190C
YJL190C,YMR116C
YPR043W,YPR102C
YNL162W,YPR102C
YBR031W,YPR102C
YKL006W,YPR102C
YHR010W,YKR094C
YBR084C-A,YHR010W
YHR010W,YOR063W
YDL075W,YIL018W
YDL075W,YOL120C
YDL075W,YML073C
YJR094W-A,YKR094C
YIL148W,YNL162W
YER117W,YKR094C
YKR094C,YOL120C
YBR084C-A,YIL148W
YBL092W,YKR094C
YKR094C,YML073C
YBR084C-A,YOR312C
YBR031W,YMR242C
YMR242C,YOR063W
YOR312C,YPL131W
YKL006W,YMR242C
YLR185W,YOR312C
YBL087C,YPR043W
YBR084C-A,YJR094W-A
YJR094W-A,YOR063W
YOR063W,YPR043W
YIL133C,YPR043W
YBR191W,YPR043W
YFR031C-A,YHR141C
YIL018W,YNL162W
YBL027W,YNL162W
YDL136W,YNL162W
YDL191W,YNL162W
YDL184C,YHR141C
YDL082W,YHR141C
YER074W,YGR118W
YER102W,YPR132W
YGR118W,YKL156W
YLR388W,YPR132W
YGR118W,YOR293W
YOR167C,YPR132W
YIL069C,YLR287C-A
YIL069C,YOR182C
YDR025W,YIL069C
YER074W,YGL123W
YIL069C,YKL156W
YHL015W,YIL069C
YER074W,YOL040C
YIL069C,YOR293W
YDR450W,YLR287C-A
YDR450W,YOR182C
YLR287C-A,YOR096W
YKL156W,YLR287C-A
YKL156W,YOR182C
YOL040C,YOR182C
YOR182C,YOR293W
YDL083C,YJR145C
YGL123W,YJR145C
YHR203C,YLR441C
YHL015W,YHR203C
YJR145C,YOL040C
YHR203C,YOR167C
YBL072C,YBR181C
YER102W,YPL090C
YBR181C,YMR143W
YBR181C,YGL189C
YLR388W,YPL090C
YBR181C,YOR369C
YOR167C,YPL090C
YBL072C,YML026C
YBL072C,YJR123W
YBL072C,YGR214W
YER102W,YMR116C
YER102W,YHL015W
YBL072C,YLR150W
YBR084C-A,YER117W
YBL087C,YBR031W
YER117W,YOR063W
YBL087C,YKL006W
YBL087C,YLR075W
YFR031C-A,YNL301C
YDL184C,YFR031C-A
YDL133C-A,YIL018W
YGL030W,YIL018W
YHL033C,YIL018W
YFR031C-A,YLR325C
YDL082W,YFR031C-A
YDR025W,YDR450W
YDR025W,YGL123W
YBR048W,YOR096W
YDR025W,YOL040C
YDL184C,YNL301C
YDL133C-A,YOL120C
YGL030W,YOL120C
YOL120C,YOR063W
YHL033C,YOL120C
YLR075W,YOL120C
YLR325C,YNL301C
YML073C,YNL301C
YDL082W,YNL301C
YGR214W,YMR143W
YDL083C,YLR441C
YDL083C,YGR027C
YDL083C,YOR167C
YMR143W,YOR167C
YML026C,YOR096W
YDR450W,YKL156W
YDR450W,YOR293W
YBR084C-A,YDL191W
YBL027W,YDL133C-A
YBL027W,YGL030W
YBL027W,YHL033C
YBR084C-A,YPL131W
YBR084C-A,YDL082W
YDL136W,YGL030W
YDL191W,YGL030W
YDL136W,YHL033C
YDL191W,YHL033C
YDL082W,YDL136W
YDL184C,YLR325C
YDL133C-A,YML073C
YDL082W,YDL184C
YBR031W,YLR185W
YGL030W,YML073C
YBL092W,YOR063W
YHL033C,YML073C
YBR154C,YOR210W
YOR210W,YOR224C
YGL070C,YOR224C
YGR253C,YML092C
YJL001W,YML092C
YLR199C,YML092C
YBL041W,YKL206C
YGR253C,YOR157C
YLR199C,YOR157C
YGL123W,YLR441C
YGL123W,YGR027C
YGL123W,YOR167C
YER094C,YGR253C
YLR185W,YPL131W
YJR123W,YOR096W
YIL133C,YKL006W
YIL133C,YLR075W
YER056C-A,YIL133C
YGL189C,YOR096W
YGL070C,YOL005C
YGL070C,YHR143W-A
YGR214W,YOR369C
YGR027C,YGR214W
YLR441C,YOL040C
YDR404C,YHR143W-A
YKL156W,YOR293W
YKL006W,YLR185W
YBR191W,YKL006W
YLR388W,YMR116C
YMR116C,YOL040C
YBL092W,YBR191W
YHL015W,YOL040C
YGR027C,YLR150W
YLR075W,YML073C
YBR191W,YLR075W
YDL082W,YLR325C
YOL040C,YOR293W
YNR026C,YPL085W
YML024W,YPL081W
YKR057W,YPL081W
YPL081W,YPR132W
YPL081W,YPL090C
YER102W,YPL081W
YLR388W,YPL081W
YOR167C,YPL081W
YGL103W,YGL147C
YGL103W,YIL018W
YGL103W,YOL120C
YBL027W,YGL103W
YDL136W,YGL103W
YDL191W,YGL103W
YGL103W,YML073C
YML024W,YOL121C
YGR118W,YML024W
YIL069C,YML024W
YML024W,YOR182C
YDR450W,YML024W
YKL156W,YML024W
YLR150W,YML024W
YML024W,YOR293W
YDL140C,YOR210W
YDL140C,YGR104C
YGL031C,YOL127W
YGL031C,YMR194W
YGL031C,YLR029C
YGL031C,YNL162W
YBR031W,YGL031C
YGL031C,YHL033C
YLR029C,YOL127W
YLR061W,YOL127W
YOL127W,YOR312C
YNL162W,YOL127W
YBR031W,YOL127W
YOL127W,YPL131W
YKL006W,YOL127W
YJL189W,YKL180W
YJL189W,YNL301C
YBR084C-A,YJL189W
YJL189W,YLR325C
YLR340W,YNL301C
YBR084C-A,YLR340W
YLR185W,YLR340W
YGL076C,YLR061W
YGL076C,YKR094C
YBR084C-A,YGL076C
YGL076C,YOR063W
YER117W,YGL147C
YGL147C,YIL133C
YBL092W,YGL147C
YKL180W,YLR344W
YKL180W,YPR102C
YKL180W,YMR242C
YKL180W,YLR185W
YER056C-A,YKL180W
YLR344W,YPL143W
YIL148W,YLR344W
YLR344W,YPR043W
YHR141C,YLR344W
YIL018W,YLR344W
YBL027W,YLR344W
YDL136W,YLR344W
YDL191W,YLR344W
YOR312C,YPL143W
YBR084C-A,YPL143W
YLR185W,YPL143W
YLR029C,YMR194W
YLR061W,YMR194W
YMR194W,YNL301C
YBR031W,YMR194W
YKL006W,YMR194W
YFR032C-A,YHR010W
YFR032C-A,YIL148W
YFR032C-A,YOR312C
YFR032C-A,YJR094W-A
YBR031W,YFR032C-A
YFR032C-A,YPL131W
YLR029C,YNL162W
YBR031W,YLR029C
YKL006W,YLR029C
YDL075W,YLR061W
YKR094C,YLR061W
YLR061W,YNL162W
YDL133C-A,YLR061W
YGL030W,YLR061W
YHL033C,YLR061W
YHR203C,YNL178W
YDL083C,YNL178W
YMR143W,YNL178W
YDR064W,YER102W
YGR118W,YLR167W
YIL069C,YLR167W
YDR450W,YLR167W
YLR167W,YOR096W
YKL156W,YLR167W
YCR031C,YJL190C
YCR031C,YJR145C
YBL072C,YCR031C
YCR031C,YGR027C
YCR031C,YOR167C
YBR154C,YGL043W
YKR057W,YOL121C
YJL190C,YOL121C
YER102W,YOL121C
YLR388W,YOL121C
YGR118W,YKR057W
YIL069C,YKR057W
YKR057W,YLR287C-A
YKR057W,YOR182C
YDR450W,YKR057W
YKR057W,YOR293W
YER074W,YJL190C
YJL190C,YLR287C-A
YJL190C,YOR182C
YHL015W,YJL190C
YJL190C,YOR293W
YIL148W,YPR102C
YHR141C,YPR102C
YIL018W,YPR102C
YBL027W,YPR102C
YDL136W,YPR102C
YDL191W,YPR102C
YBL087C,YHR010W
YHR010W,YIL018W
YHR010W,YOL120C
YHR010W,YML073C
YBR191W,YHR010W
YDL075W,YKR094C
YDL075W,YOR063W
YIL148W,YMR242C
YBL087C,YIL148W
YDL133C-A,YKR094C
YGL030W,YKR094C
YKR094C,YOR063W
YHL033C,YKR094C
YIL133C,YIL148W
YIL148W,YLR185W
YBR191W,YIL148W
YOR312C,YPR043W
YHR141C,YMR242C
YBL087C,YOR312C
YIL018W,YMR242C
YMR242C,YOL120C
YBL027W,YMR242C
YDL136W,YMR242C
YDL191W,YMR242C
YOR063W,YOR312C
YIL133C,YOR312C
YBR191W,YOR312C
YBL087C,YJR094W-A
YJR094W-A,YOL120C
YBR084C-A,YPR043W
YIL133C,YJR094W-A
YLR185W,YPR043W
YJR094W-A,YML073C
YBR191W,YJR094W-A
YBR031W,YNL162W
YKL006W,YNL162W
YHR141C,YLR185W
YER056C-A,YHR141C
YIL069C,YPR132W
YGR118W,YPL090C
YDL083C,YGR118W
YDR450W,YPR132W
YGL123W,YGR118W
YKL156W,YPR132W
YGR118W,YMR116C
YGR118W,YHL015W
YOR369C,YPR132W
YOL040C,YPR132W
YBR181C,YER074W
YIL069C,YPL090C
YDL083C,YIL069C
YGL123W,YIL069C
YER074W,YLR441C
YIL069C,YMR116C
YER074W,YGR027C
YER074W,YOR167C
YOR182C,YPL090C
YER102W,YLR287C-A
YER102W,YOR182C
YLR287C-A,YML026C
YLR388W,YOR182C
YOR167C,YOR182C
YDL083C,YHR203C
YGL123W,YHR203C
YJR145C,YLR441C
YHL015W,YJR145C
YHR203C,YOL040C
YJR145C,YOR167C
YBR048W,YBR181C
YBR181C,YDR025W
YDR450W,YPL090C
YKL156W,YPL090C
YLR150W,YPL090C
YBR181C,YLR388W
YOR369C,YPL090C
YOL040C,YPL090C
YBL072C,YOR096W
YER102W,YKL156W
YER102W,YOR293W
YER117W,YIL018W
YER117W,YOL120C
YBL087C,YBR084C-A
YBL087C,YDL191W
YBL087C,YPL131W
YER117W,YML073C
YBR191W,YER117W
YBL087C,YDL082W
YFR031C-A,YIL133C
YBL092W,YIL018W
YIL018W,YLR185W
YER056C-A,YFR031C-A
YBR048W,YML026C
YBR048W,YJR123W
YBR048W,YGR214W
YDR025W,YLR441C
YBR048W,YLR150W
YDR025W,YGR027C
YDR025W,YOR167C
YBL092W,YOL120C
YER056C-A,YNL301C
YDL083C,YDR450W
YDL083C,YGL123W
YDL083C,YOL040C
YMR143W,YOL040C
YJR123W,YML026C
YDR450W,YMR116C
YDR450W,YHL015W
YGL189C,YML026C
YBR084C-A,YKL006W
YBR084C-A,YLR075W
YBL027W,YLR185W
YDL136W,YLR185W
YDL191W,YLR185W
YBR191W,YDL191W
YBR031W,YDL133C-A
YDL133C-A,YOR063W
YDL184C,YIL133C
YDL184C,YER056C-A
YBR031W,YGL030W
YBR031W,YHL033C
YGL030W,YOR063W
YHL033C,YOR063W
YOR063W,YPL131W
YLR075W,YOR063W
YDR045C,YJL140W
YDR045C,YOR224C
YML092C,YPR103W
YBL041W,YLR199C
YFL007W,YOR157C
YGL123W,YOL040C
YIL133C,YPL131W
YBR191W,YPL131W
YJR123W,YLR150W
YGL189C,YJR123W
YDL082W,YIL133C
YGR027C,YOR096W
YOR096W,YOR167C
YHR143W-A,YPR086W
YGL189C,YGR214W
YGR214W,YLR388W
YHL015W,YLR441C
YLR441C,YOR167C
YDR045C,YDR404C
YKL156W,YMR116C
YLR150W,YMR116C
YMR116C,YOR167C
YBL092W,YML073C
YHL015W,YOR167C
YDR045C,YOL005C
YGL189C,YLR150W
YDR045C,YHR143W-A
YER056C-A,YLR325C
YDL082W,YER056C-A
YBR191W,YDL082W
YOR167C,YOR293W
YGR029W,YKL195W
YNL178W,YPL081W
YBR181C,YPL081W
YGR214W,YPL081W
YBL045C,YJR048W
YDR529C,YFR033C
YDR529C,YEL024W
Q0105,YGR183C
YJR121W,YPL271W
YGL103W,YOL127W
YGL076C,YGL103W
YGL103W,YMR194W
YGL103W,YLR029C
YDL075W,YGL103W
YGL103W,YNL162W
YDL133C-A,YGL103W
YGL030W,YGL103W
YGL103W,YHL033C
YGL031C,YGL147C
YER117W,YGL031C
YGL031C,YIL018W
YGL031C,YOL120C
YBL092W,YGL031C
YGL031C,YML073C
YHR010W,YOL127W
YMR242C,YOL127W
YJR094W-A,YOL127W
YER117W,YOL127W
YOL120C,YOL127W
YBL092W,YOL127W
YJL189W,YLR340W
YJL189W,YPL143W
YJL189W,YPR043W
YJL189W,YKL006W
YJL189W,YLR075W
YER056C-A,YJL189W
YLR340W,YPL143W
YLR340W,YPR043W
YER056C-A,YLR340W
YGL076C,YLR344W
YGL076C,YPR102C
YGL076C,YMR242C
YGL076C,YLR185W
YER056C-A,YGL076C
YGL147C,YHR010W
YGL147C,YIL148W
YGL147C,YOR312C
YGL147C,YJR094W-A
YBR031W,YGL147C
YGL147C,YPL131W
YKL180W,YLR061W
YKL180W,YKR094C
YBR084C-A,YKL180W
YKL180W,YOR063W
YDL075W,YLR344W
YKR094C,YLR344W
YLR344W,YNL301C
YDL133C-A,YLR344W
YGL030W,YLR344W
YHL033C,YLR344W
YLR075W,YLR344W
YMR194W,YPL143W
YER056C-A,YPL143W
YHR010W,YMR194W
YJR094W-A,YMR194W
YMR194W,YPR043W
YER117W,YMR194W
YBL092W,YMR194W
YER117W,YFR032C-A
YFR032C-A,YIL133C
YBL092W,YFR032C-A
YHR010W,YLR029C
YJR094W-A,YLR029C
YER117W,YLR029C
YLR029C,YOL120C
YBL092W,YLR029C
YLR029C,YML073C
YIL148W,YLR061W
YHR141C,YLR061W
YIL018W,YLR061W
YLR061W,YOL120C
YBL027W,YLR061W
YDL136W,YLR061W
YDL191W,YLR061W
YLR061W,YML073C
YDR064W,YNL178W
YLR167W,YNL178W
YNL178W,YOL121C
YNL178W,YOR182C
YBL072C,YNL178W
YGR027C,YNL178W
YDR064W,YGR118W
YDR064W,YIL069C
YDR064W,YHR203C
YDR064W,YDR450W
YDR064W,YGL123W
YDR064W,YOL040C
YCR031C,YML026C
YCR031C,YGR214W
YCR031C,YLR150W
Q0130,YBL099W
YBR181C,YOL121C
YGR214W,YOL121C
YOL121C,YOR167C
YGR183C,YJL166W
YKR057W,YLR388W
YGL189C,YJL190C
YJL190C,YLR388W
YDL075W,YPR102C
YKR094C,YPR102C
YDL133C-A,YPR102C
YGL030W,YPR102C
YHL033C,YPR102C
YLR075W,YPR102C
YHR010W,YNL162W
YFR031C-A,YHR010W
YDL184C,YHR010W
YDL082W,YHR010W
YDL075W,YMR242C
YBL087C,YDL075W
YDL075W,YLR185W
YBR191W,YDL075W
YKR094C,YMR242C
YHR141C,YKR094C
YFR031C-A,YIL148W
YIL018W,YKR094C
YBL027W,YKR094C
YDL136W,YKR094C
YDL191W,YKR094C
YDL184C,YIL148W
YIL148W,YOR063W
YKR094C,YLR185W
YDL082W,YIL148W
YMR242C,YNL162W
YFR031C-A,YOR312C
YNL301C,YOR312C
YDL133C-A,YMR242C
YDL184C,YOR312C
YGL030W,YMR242C
YHL033C,YMR242C
YLR075W,YMR242C
YLR325C,YOR312C
YML073C,YOR312C
YDL082W,YOR312C
YJR094W-A,YNL162W
YFR031C-A,YJR094W-A
YDL184C,YJR094W-A
YER056C-A,YPR043W
YDL082W,YJR094W-A
YER117W,YNL162W
YNL162W,YOL120C
YBR084C-A,YHR141C
YHR141C,YOR063W
YBL092W,YNL162W
YBL072C,YGR118W
YGR118W,YMR143W
YGR118W,YOR369C
YGR027C,YGR118W
YBL072C,YIL069C
YIL069C,YMR143W
YER074W,YML026C
YER074W,YJR123W
YER074W,YGR214W
YER074W,YLR150W
YIL069C,YOR369C
YGR027C,YIL069C
YBR181C,YLR287C-A
YBR181C,YOR182C
YGR214W,YLR287C-A
YGR214W,YOR182C
YLR287C-A,YLR441C
YOR182C,YOR369C
YLR287C-A,YOR167C
YBL072C,YHR203C
YJR145C,YML026C
YJR123W,YJR145C
YHR203C,YOR096W
YJR145C,YLR150W
YGL189C,YJR145C
YGR027C,YHR203C
YBR181C,YDL083C
YBR181C,YKL156W
YBR181C,YOR293W
YDL083C,YER102W
YBL072C,YDR450W
YBL072C,YGL123W
YER102W,YLR388W
YBL072C,YOL040C
YDL184C,YER117W
YER117W,YGL030W
YER117W,YHL033C
YBL087C,YIL133C
YBL087C,YER056C-A
YDL082W,YER117W
YBR084C-A,YFR031C-A
YBR031W,YIL018W
YIL018W,YOR063W
YFR031C-A,YPL131W
YDR025W,YML026C
YDR025W,YJR123W
YDR025W,YGR214W
YBR048W,YLR441C
YDR025W,YLR150W
YBR048W,YGR027C
YBR048W,YOR167C
YBR084C-A,YNL301C
YBR031W,YOL120C
YNL301C,YPL131W
YKL006W,YOL120C
YLR185W,YNL301C
YDR450W,YMR143W
YDL083C,YOR096W
YMR143W,YOR096W
YKL156W,YMR143W
YLR441C,YML026C
YHL015W,YML026C
YDR450W,YGL189C
YDR450W,YOR369C
YML026C,YOR167C
YBR084C-A,YDL136W
YBR084C-A,YDL184C
YBL027W,YOR063W
YBR084C-A,YLR325C
YBL027W,YBR191W
YDL184C,YDL191W
YDL136W,YOR063W
YDL191W,YOR063W
YDL082W,YDL191W
YDL184C,YPL131W
YBL092W,YDL133C-A
YDL133C-A,YLR185W
YBR031W,YML073C
YBL092W,YGL030W
YGL030W,YLR185W
YBL092W,YHL033C
YHL033C,YLR185W
YBR154C,YJL140W
YHR143W-A,YJL140W
YBR154C,YOR224C
YBR154C,YOL005C
YBR154C,YHR143W-A
YHR143W-A,YOR224C
YGL070C,YOR210W
YDR404C,YOR210W
YOL005C,YOR210W
YER012W,YOR157C
YGL123W,YOR096W
YER094C,YFR050C
YER094C,YMR314W
YER094C,YLR199C
YLR325C,YPL131W
YML073C,YPL131W
YDL082W,YPL131W
YJR123W,YLR441C
YHL015W,YJR123W
YBR191W,YIL133C
YGR214W,YOR293W
YHR041C,YHR058C
YKL156W,YOR369C
YER056C-A,YKL006W
YKL006W,YML073C
YHL015W,YLR150W
YGL189C,YGR027C
YLR075W,YLR185W
YER056C-A,YLR075W
YOL040C,YOR369C
YLR185W,YLR325C
YBR191W,YER056C-A
YGR027C,YOL040C
YDR064W,YPL081W
YLR167W,YPL081W
YBL072C,YPL081W
YGR027C,YPL081W
Q0105,YJR048W
YEL024W,YFR033C
Q0105,YPR191W
YBR084C-A,YGL103W
YGL103W,YIL133C
YLR287C-A,YML024W
YBR048W,YML024W
YJR123W,YML024W
YML024W,YOR096W
YGL189C,YML024W
YDL140C,YMR112C
YFR032C-A,YGL031C
YGL031C,YHR010W
YGL031C,YIL148W
YGL031C,YOR312C
YGL031C,YJR094W-A
YBL087C,YGL031C
YGL031C,YPL131W
YBR191W,YGL031C
YFR032C-A,YOL127W
YBL087C,YOL127W
YIL133C,YOL127W
YBR191W,YOL127W
YJL189W,YLR061W
YIL148W,YJL189W
YJL189W,YKR094C
YHR141C,YJL189W
YIL018W,YJL189W
YBL027W,YJL189W
YDL136W,YJL189W
YDL191W,YJL189W
YJL189W,YOR063W
YKL180W,YLR340W
YIL148W,YLR340W
YHR141C,YLR340W
YIL018W,YLR340W
YBL027W,YLR340W
YDL136W,YLR340W
YDL191W,YLR340W
YLR340W,YOR063W
YGL076C,YKL180W
YGL076C,YHR141C
YGL076C,YNL301C
YBL027W,YGL076C
YDL136W,YGL076C
YDL191W,YGL076C
YGL076C,YLR325C
YFR031C-A,YGL147C
YGL147C,YIL018W
YGL147C,YOL120C
YDL184C,YGL147C
YGL147C,YML073C
YDL082W,YGL147C
YKL180W,YPL143W
YDL075W,YKL180W
YKL180W,YPR043W
YDL133C-A,YKL180W
YGL030W,YKL180W
YHL033C,YKL180W
YKL180W,YLR075W
YLR344W,YPR102C
YLR344W,YMR242C
YBR084C-A,YLR344W
YLR185W,YLR344W
YIL148W,YPL143W
YHR141C,YPL143W
YIL018W,YPL143W
YBL027W,YPL143W
YDL136W,YPL143W
YDL191W,YPL143W
YFR032C-A,YMR194W
YBL087C,YMR194W
YMR194W,YOR063W
YIL133C,YMR194W
YBR191W,YMR194W
YFR032C-A,YLR029C
YFR032C-A,YNL162W
YBL087C,YFR032C-A
YFR032C-A,YGL030W
YFR032C-A,YHL033C
YBR191W,YFR032C-A
YLR029C,YOR312C
YBL087C,YLR029C
YLR029C,YPL131W
YIL133C,YLR029C
YBR191W,YLR029C
YLR061W,YOR312C
YLR061W,YPL131W
YER056C-A,YLR061W
YBR181C,YNL178W
YGR214W,YNL178W
YNL178W,YOL040C
YDR064W,YLR287C-A
YDR064W,YOR182C
YDR064W,YOR293W
YLR167W,YOL121C
YLR167W,YLR287C-A
YLR167W,YOR182C
YBR048W,YLR167W
YJR123W,YLR167W
YGL189C,YLR167W
YLR167W,YOR293W
YCR031C,YMR143W
YCR031C,YOR369C
YGL043W,YIL021W
YGL043W,YOR210W
YOL121C,YPR132W
YOL121C,YPL090C
YBL072C,YOL121C
YGR027C,YOL121C
YBR048W,YKR057W
YJR123W,YKR057W
YKR057W,YOR096W
YGL189C,YKR057W
YOR312C,YPR102C
YBR084C-A,YPR102C
YLR185W,YPR102C
YBR031W,YHR010W
YHR010W,YIL133C
YDL075W,YHR141C
YDL075W,YFR031C-A
YDL075W,YNL301C
YDL075W,YDL136W
YDL075W,YDL184C
YBL092W,YDL075W
YDL075W,YLR325C
YIL148W,YPR043W
YKR094C,YNL301C
YBR031W,YIL148W
YIL148W,YKL006W
YIL148W,YLR075W
YKR094C,YLR325C
YER056C-A,YKR094C
YNL162W,YOR312C
YBR084C-A,YMR242C
YBR031W,YOR312C
YKL006W,YOR312C
YLR185W,YMR242C
YHR141C,YPR043W
YIL018W,YPR043W
YBL027W,YPR043W
YDL136W,YPR043W
YDL191W,YPR043W
YBR031W,YJR094W-A
YBL087C,YNL162W
YDL133C-A,YHR141C
YGL030W,YHR141C
YHL033C,YHR141C
YNL162W,YPL131W
YIL133C,YNL162W
YHR141C,YKL006W
YHR141C,YLR075W
YBR191W,YNL162W
YBR181C,YGR118W
YGR118W,YML026C
YML026C,YPR132W
YGR118W,YJR123W
YJR123W,YPR132W
YGR118W,YGR214W
YGL189C,YPR132W
YBR181C,YIL069C
YDL083C,YER074W
YER074W,YMR143W
YIL069C,YML026C
YIL069C,YJR123W
YGR214W,YIL069C
YIL069C,YLR150W
YER074W,YGL189C
YER074W,YOR369C
YLR287C-A,YPL090C
YBL072C,YLR287C-A
YBL072C,YOR182C
YLR287C-A,YMR116C
YGR027C,YLR287C-A
YGR027C,YOR182C
YJR145C,YMR143W
YGR214W,YHR203C
YHR203C,YLR388W
YJR145C,YOR369C
YBR048W,YPL090C
YBR181C,YDR450W
YML026C,YPL090C
YBR181C,YGL123W
YJR123W,YPL090C
YGL189C,YPL090C
YBR181C,YOL040C
YBL072C,YDL083C
YER102W,YOR096W
YBL072C,YKL156W
YBL072C,YOR293W
YBL027W,YBL087C
YBL087C,YDL133C-A
YBR031W,YER117W
YBL087C,YGL030W
YBL087C,YHL033C
YER117W,YIL133C
YFR031C-A,YOL120C
YDL133C-A,YFR031C-A
YDL184C,YIL018W
YIL018W,YKL006W
YIL018W,YLR075W
YFR031C-A,YML073C
YDL082W,YIL018W
YDL083C,YDR025W
YDR025W,YMR143W
YBR048W,YMR116C
YBR048W,YHL015W
YDR025W,YGL189C
YDR025W,YOR369C
YDL133C-A,YNL301C
YDL184C,YOL120C
YGL030W,YNL301C
YHL033C,YNL301C
YLR075W,YNL301C
YLR325C,YOL120C
YML073C,YOL120C
YDL082W,YOL120C
YLR441C,YMR143W
YDL083C,YLR388W
YDR450W,YJR123W
YDR450W,YGR214W
YKL156W,YML026C
YML026C,YMR116C
YBL027W,YBR031W
YBR031W,YBR084C-A
YBL027W,YKL006W
YBL027W,YLR075W
YBR084C-A,YLR185W
YDL133C-A,YDL136W
YBR031W,YDL191W
YDL136W,YKL006W
YDL191W,YKL006W
YDL136W,YLR075W
YDL191W,YLR075W
YDL133C-A,YLR325C
YDL184C,YML073C
YBR191W,YDL133C-A
YBR031W,YPL131W
YBR031W,YDL082W
YHR024C,YKL085W
YGL030W,YLR325C
YBR191W,YGL030W
YER056C-A,YOR063W
YBR087W,YBR088C
YHL033C,YLR325C
YBR191W,YHL033C
YDR045C,YPR187W
YOL038W,YOR157C
YGL123W,YLR388W
YKL006W,YPL131W
YJR123W,YMR116C
YBL092W,YIL133C
YLR388W,YOR096W
YOR096W,YOR369C
YHR089C,YIL104C
YFL007W,YGR253C
YGR214W,YOL040C
YLR441C,YOR369C
YKL156W,YLR150W
YGR027C,YKL156W
YGL189C,YMR116C
YMR116C,YOR369C
YBL092W,YER056C-A
YGL189C,YHL015W
YHL015W,YOR369C
YLR075W,YLR325C
YLR325C,YML073C
YDL082W,YML073C
YGR027C,YOR293W
YDL083C,YPL081W
YMR143W,YPL081W
YOR293W,YPL081W
YGL103W,YHR010W
YGL103W,YIL148W
YGL103W,YOR312C
YGL103W,YJR094W-A
YGL103W,YPL131W
YER056C-A,YGL103W
YCR031C,YML024W
YER074W,YML024W
YJR145C,YML024W
YDR025W,YML024W
YHL015W,YML024W
YML024W,YOL040C
YFR031C-A,YGL031C
YDL184C,YGL031C
YGL031C,YIL133C
YDL082W,YGL031C
YGL147C,YOL127W
YFR031C-A,YOL127W
YNL301C,YOL127W
YDL184C,YOL127W
YLR325C,YOL127W
YML073C,YOL127W
YDL082W,YOL127W
YGL076C,YJL189W
YJL189W,YLR344W
YJL189W,YPR102C
YDL075W,YJL189W
YJL189W,YMR242C
YDL133C-A,YJL189W
YGL030W,YJL189W
YHL033C,YJL189W
YJL189W,YLR185W
YGL076C,YLR340W
YLR340W,YLR344W
YLR340W,YPR102C
YDL075W,YLR340W
YKR094C,YLR340W
YLR340W,YMR242C
YDL133C-A,YLR340W
YGL030W,YLR340W
YHL033C,YLR340W
YLR075W,YLR340W
YGL076C,YPL143W
YDL075W,YGL076C
YGL076C,YPR043W
YDL133C-A,YGL076C
YGL030W,YGL076C
YGL076C,YKL006W
YGL076C,YLR075W
YGL147C,YMR194W
YFR032C-A,YGL147C
YGL147C,YLR029C
YGL147C,YNL162W
YBL087C,YGL147C
YGL147C,YHL033C
YBR191W,YGL147C
YIL148W,YKL180W
YHR141C,YKL180W
YIL018W,YKL180W
YKL180W,YNL301C
YBL027W,YKL180W
YDL136W,YKL180W
YDL191W,YKL180W
YKL180W,YLR325C
YLR344W,YOR063W
YER056C-A,YLR344W
YDL075W,YPL143W
YKR094C,YPL143W
YDL133C-A,YPL143W
YGL030W,YPL143W
YHL033C,YPL143W
YLR075W,YPL143W
YMR194W,YPR102C
YMR194W,YMR242C
YFR031C-A,YMR194W
YDL184C,YMR194W
YLR325C,YMR194W
YML073C,YMR194W
YDL082W,YMR194W
YFR031C-A,YFR032C-A
YFR032C-A,YIL018W
YFR032C-A,YOL120C
YDL184C,YFR032C-A
YFR032C-A,YML073C
YDL082W,YFR032C-A
YFR031C-A,YLR029C
YDL184C,YLR029C
YDL082W,YLR029C
YBR084C-A,YLR061W
YKR057W,YNL178W
YJL190C,YNL178W
YER102W,YNL178W
YNL178W,YOR096W
YCR031C,YDR064W
YDR064W,YER074W
YDR064W,YLR388W
YCR031C,YLR167W
YER074W,YLR167W
YJR145C,YLR167W
YDR025W,YLR167W
YHL015W,YLR167W
YLR167W,YLR388W
YCR031C,YKR057W
YCR031C,YPR132W
YBR181C,YCR031C
YCR031C,YPL090C
YCR031C,YMR116C
YCR031C,YHL015W
YBL099W,YPL271W
YBL099W,YDL004W
YHR203C,YOL121C
YGL123W,YOL121C
YOL121C,YOR369C
YER074W,YKR057W
YJR145C,YKR057W
YDR025W,YKR057W
YHL015W,YKR057W
YKR057W,YOL040C
YIL069C,YJL190C
YDR450W,YJL190C
YJL190C,YOL040C
YER056C-A,YPR102C
YHR010W,YIL148W
YHR010W,YOR312C
YHR010W,YJR094W-A
YER117W,YHR010W
YHR010W,YPL131W
YBL092W,YHR010W
YDL075W,YPR043W
YBR031W,YDL075W
YDL075W,YKL006W
YDL075W,YLR075W
YKR094C,YPR043W
YER117W,YIL148W
YIL148W,YNL301C
YBR084C-A,YKR094C
YBL092W,YIL148W
YKR094C,YLR075W
YIL148W,YLR325C
YJR094W-A,YOR312C
YER117W,YOR312C
YOL120C,YOR312C
YMR242C,YPL131W
YBL092W,YOR312C
YER056C-A,YMR242C
YER117W,YJR094W-A
YDL133C-A,YPR043W
YGL030W,YPR043W
YHL033C,YPR043W
YJR094W-A,YPL131W
YBL092W,YJR094W-A
YLR075W,YPR043W
YFR031C-A,YNL162W
YHR141C,YNL301C
YBL027W,YHR141C
YDL136W,YHR141C
YDL191W,YHR141C
YDL184C,YNL162W
YHR141C,YLR325C
YLR325C,YNL162W
YML073C,YNL162W
YDL082W,YNL162W
YER074W,YPR132W
YGR118W,YJR145C
YJR145C,YPR132W
YPL090C,YPR132W
YER102W,YGR118W
YOR096W,YPR132W
YGR118W,YLR441C
YLR441C,YPR132W
YMR116C,YPR132W
YHL015W,YPR132W
YGR118W,YOR167C
YER074W,YPL090C
YBL072C,YER074W
YER102W,YIL069C
YIL069C,YLR441C
YER074W,YMR116C
YER074W,YHL015W
YIL069C,YOR167C
YHR203C,YLR287C-A
YHR203C,YOR182C
YDL083C,YLR287C-A
YLR287C-A,YMR143W
YDL083C,YOR182C
YMR143W,YOR182C
YGL123W,YLR287C-A
YGL123W,YOR182C
YLR287C-A,YOR369C
YER102W,YHR203C
YDR450W,YJR145C
YHR203C,YKL156W
YJR145C,YMR116C
YHR203C,YOR293W
YBR181C,YER102W
YDR025W,YPL090C
YBR181C,YOR096W
YOR096W,YPL090C
YLR441C,YPL090C
YMR116C,YPL090C
YHL015W,YPL090C
YER102W,YGL123W
YBL072C,YLR388W
YER102W,YOL040C
YBL087C,YIL018W
YBL087C,YOL120C
YER117W,YPL131W
YBL087C,YBL092W
YBL092W,YER117W
YBL087C,YML073C
YIL018W,YNL301C
YBL027W,YFR031C-A
YDL136W,YFR031C-A
YDL191W,YFR031C-A
YFR031C-A,YGL030W
YFR031C-A,YHL033C
YIL018W,YLR325C
YBR191W,YIL018W
YBR048W,YMR143W
YDR025W,YMR116C
YDR025W,YHL015W
YBR048W,YGL189C
YBR048W,YOR369C
YBL027W,YNL301C
YDL136W,YNL301C
YDL191W,YNL301C
YOL120C,YPL131W
YIL133C,YOL120C
YBR191W,YOL120C
YML026C,YMR143W
YDL083C,YKL156W
YGL189C,YMR143W
YDL083C,YOR293W
YMR143W,YOR293W
YDR450W,YLR441C
YML026C,YOR369C
YDR450W,YOR167C
YBL027W,YDL136W
YBL027W,YDL184C
YBR084C-A,YOR063W
YBL092W,YBR084C-A
YBL027W,YLR325C
YBR084C-A,YBR191W
YDL136W,YDL184C
YBL092W,YDL191W
YDL136W,YLR325C
YDL191W,YLR325C
YDL184C,YGL030W
YDL184C,YHL033C
YDL133C-A,YKL006W
YDL133C-A,YLR075W
YDL082W,YDL133C-A
YBR031W,YIL133C
YBR031W,YER056C-A
YGL030W,YKL006W
YGL030W,YLR075W
YDL082W,YGL030W
YLR185W,YOR063W
YHL033C,YKL006W
YHL033C,YLR075W
YDL082W,YHL033C
YJL140W,YOR210W
YBR154C,YDR045C
YHR143W-A,YPR187W
YGR135W,YLR199C
YGL123W,YKL156W
YGL123W,YOR293W
YBL092W,YPL131W
YJR123W,YOR369C
YIL133C,YML073C
YGR214W,YOR096W
YFR050C,YLR199C
YKL156W,YLR441C
YLR441C,YMR116C
YLR150W,YLR441C
YKL156W,YOR167C
YKL206C,YOL038W
YBL092W,YDL082W
YJL001W,YLR199C
YHR058C,YMR112C
YLR150W,YOR167C
YGL189C,YOR369C
YLR388W,YOL040C
YGR027C,YLR388W
YER056C-A,YLR185W
YOL040C,YOR167C
YBR191W,YML073C
YER025W,YPR041W
YCR031C,YPL081W
YDR025W,YPL081W
YOR096W,YPL081W
YLR441C,YPL081W
YMR116C,YPL081W
YHL015W,YPL081W
YJR048W,YPR191W
YEL024W,YJR048W
Q0105,YFR033C
YDR529C,YGR183C
YDL004W,YJR121W
YGL103W,YJL189W
YGL103W,YLR340W
YGL103W,YPL143W
YGL103W,YPR043W
YFR031C-A,YGL103W
YDL184C,YGL103W
YGL103W,YKL006W
YGL103W,YLR075W
YDL082W,YGL103W
YHR203C,YML024W
YDL083C,YML024W
YGL123W,YML024W
YML024W,YOR167C
YGL031C,YKL180W
YGL031C,YHR141C
YGL031C,YNL301C
YGL031C,YLR325C
YER056C-A,YGL031C
YJL189W,YOL127W
YLR340W,YOL127W
YMR194W,YOL127W
YOL127W,YOR063W
YER056C-A,YOL127W
YJL189W,YMR194W
YJL189W,YLR029C
YHR010W,YJL189W
YJL189W,YNL162W
YER117W,YJL189W
YBL092W,YJL189W
YLR340W,YMR194W
YHR010W,YLR340W
YJR094W-A,YLR340W
YLR340W,YNL162W
YER117W,YLR340W
YBL092W,YLR340W
YGL076C,YHR010W
YGL076C,YIL148W
YGL076C,YOR312C
YGL076C,YJR094W-A
YER117W,YGL076C
YGL076C,YPL131W
YBL092W,YGL076C
YGL147C,YLR344W
YGL147C,YPR102C
YGL147C,YMR242C
YBR084C-A,YGL147C
YGL147C,YLR185W
YBR031W,YKL180W
YKL006W,YKL180W
YFR031C-A,YLR344W
YLR344W,YOL120C
YDL184C,YLR344W
YLR325C,YLR344W
YLR344W,YML073C
YDL082W,YLR344W
YHR010W,YPL143W
YMR242C,YPL143W
YJR094W-A,YPL143W
YER117W,YPL143W
YOL120C,YPL143W
YBL092W,YPL143W
YMR194W,YNL162W
YER056C-A,YMR194W
YFR032C-A,YLR061W
YFR032C-A,YKR094C
YFR032C-A,YOR063W
YER056C-A,YFR032C-A
YLR029C,YNL301C
YLR029C,YLR325C
YER056C-A,YLR029C
YBL087C,YLR061W
YLR061W,YNL301C
YIL133C,YLR061W
YLR061W,YLR325C
YBR191W,YLR061W
YGR118W,YNL178W
YIL069C,YNL178W
YDR450W,YNL178W
YKL156W,YNL178W
YDL083C,YDR064W
YDR064W,YMR143W
YDR064W,YGL189C
YDR064W,YOR369C
YHR203C,YLR167W
YDL083C,YLR167W
YLR167W,YMR143W
YGL123W,YLR167W
YCR031C,YOL121C
YCR031C,YLR287C-A
YCR031C,YOR182C
YCR031C,YDL083C
YCR031C,YKL156W
YCR031C,YOR293W
YEL024W,YPR191W
YGL043W,YJL140W
YGL043W,YOR224C
YGL043W,YOL005C
YGL043W,YHR143W-A
YER074W,YOL121C
YJR145C,YOL121C
YDR025W,YOL121C
YLR441C,YOL121C
YMR116C,YOL121C
YHL015W,YOL121C
YHR203C,YKR057W
YDL083C,YKR057W
YKR057W,YLR441C
YKR057W,YOR167C
YJL190C,YJR145C
YER102W,YJL190C
YJL190C,YLR441C
YJL190C,YOR167C
YFR031C-A,YPR102C
YNL301C,YPR102C
YDL184C,YPR102C
YPL131W,YPR102C
YLR325C,YPR102C
YML073C,YPR102C
YDL082W,YPR102C
YDL075W,YHR010W
YHR010W,YPR043W
YDL133C-A,YHR010W
YGL030W,YHR010W
YHL033C,YHR010W
YHR010W,YKL006W
YHR010W,YLR075W
YDL075W,YIL148W
YDL075W,YOR312C
YDL075W,YJR094W-A
YDL075W,YER117W
YBL027W,YDL075W
YDL075W,YDL191W
YDL075W,YPL131W
YDL075W,YDL082W
YKR094C,YOR312C
YBL087C,YKR094C
YDL133C-A,YIL148W
YGL030W,YIL148W
YHL033C,YIL148W
YKR094C,YPL131W
YIL133C,YKR094C
YBR191W,YKR094C
YMR242C,YPR043W
YFR031C-A,YMR242C
YDL184C,YMR242C
YDL133C-A,YOR312C
YGL030W,YOR312C
YHL033C,YOR312C
YLR075W,YOR312C
YLR325C,YMR242C
YML073C,YMR242C
YDL082W,YMR242C
YER117W,YPR043W
YOL120C,YPR043W
YDL133C-A,YJR094W-A
YGL030W,YJR094W-A
YHL033C,YJR094W-A
YJR094W-A,YKL006W
YBL092W,YPR043W
YJR094W-A,YLR075W
YNL162W,YNL301C
YBR031W,YHR141C
YHR141C,YIL133C
YER056C-A,YNL162W
YGR118W,YIL069C
YGR118W,YHR203C
YHR203C,YPR132W
YDL083C,YPR132W
YMR143W,YPR132W
YDR450W,YGR118W
YGL123W,YPR132W
YGR118W,YOL040C
YOR293W,YPR132W
YER074W,YLR287C-A
YER074W,YOR182C
YBR048W,YER074W
YDR450W,YIL069C
YER074W,YKL156W
YIL069C,YOL040C
YER074W,YOR293W
YJR145C,YLR287C-A
YJR145C,YOR182C
YDR025W,YLR287C-A
YDR025W,YOR182C
YOR096W,YOR182C
YLR441C,YOR182C
YMR116C,YOR182C
YHL015W,YLR287C-A
YHL015W,YOR182C
YLR287C-A,YLR388W
YER102W,YJR145C
YDR450W,YHR203C
YJR145C,YKL156W
YHR203C,YMR116C
YJR145C,YOR293W
YDL083C,YPL090C
YMR143W,YPL090C
YBR181C,YML026C
YGL123W,YPL090C
YBR181C,YJR123W
YBR181C,YGR214W
YBR181C,YLR150W
YOR293W,YPL090C
YBL072C,YMR143W
YER102W,YLR441C
YBL072C,YGL189C
YBL072C,YOR369C
YER102W,YGR027C
YER102W,YOR167C
YDL133C-A,YER117W
YBL087C,YOR063W
YER117W,YKL006W
YER117W,YLR075W
YBL087C,YBR191W
YBR084C-A,YIL018W
YBR031W,YFR031C-A
YIL018W,YIL133C
YFR031C-A,YLR185W
YDR025W,YKL156W
YBR048W,YLR388W
YDR025W,YOR293W
YBR084C-A,YOL120C
YBR031W,YNL301C
YKL006W,YNL301C
YLR185W,YOL120C
YGR027C,YMR143W
YDR450W,YGL123W
YGR214W,YML026C
YBL027W,YIL133C
YBL027W,YER056C-A
YBR084C-A,YML073C
YDL133C-A,YDL191W
YBR031W,YDL136W
YDL136W,YIL133C
YDL191W,YIL133C
YDL136W,YER056C-A
YDL191W,YER056C-A
YBR031W,YDL184C
YDL133C-A,YPL131W
YDL184C,YLR185W
YBL092W,YBR031W
YBR031W,YLR325C
YGL030W,YPL131W
YER056C-A,YGL030W
YIL133C,YOR063W
YBR191W,YOR063W
YHL033C,YPL131W
YER056C-A,YHL033C
YJL140W,YPR086W
YGR135W,YKL206C
YBL041W,YML092C
YGL123W,YMR116C
YGL123W,YHL015W
YLR075W,YPL131W
YGR214W,YJR123W
YJR123W,YLR388W
YOR096W,YOR293W
YKL206C,YPR103W
YFR050C,YKL206C
YGR214W,YLR150W
YLR388W,YLR441C
YLR441C,YOR293W
YHL015W,YKL156W
YKL156W,YOL040C
YJL001W,YKL206C
YBL092W,YKL006W
YKL006W,YLR325C
YMR116C,YOR293W
YBL092W,YLR075W
YHL015W,YOR293W
YGL189C,YLR388W
YLR388W,YOR167C
YGR027C,YOR369C
YLR185W,YML073C
YDL082W,YLR185W
YOL121C,YPL081W
YBR048W,YPL081W
YML026C,YPL081W
YJR123W,YPL081W
YGL189C,YPL081W
YFR033C,YGR183C
YGL103W,YKL180W
YFR032C-A,YGL103W
YGL103W,YHR141C
YBL087C,YGL103W
YGL103W,YNL301C
YGL103W,YLR325C
YBR191W,YGL103W
YDR064W,YML024W
YLR167W,YML024W
YBL072C,YML024W
YML024W,YML026C
YGR027C,YML024W
YGL031C,YJL189W
YGL031C,YLR340W
YGL031C,YGL076C
YGL031C,YPL143W
YGL031C,YPR043W
YBR084C-A,YGL031C
YGL031C,YKL006W
YGL031C,YLR075W
YLR344W,YOL127W
YOL127W,YPR102C
YBR084C-A,YOL127W
YLR185W,YOL127W
YJL189W,YOL120C
YBR031W,YJL189W
YJL189W,YML073C
YLR029C,YLR340W
YLR061W,YLR340W
YLR340W,YOL120C
YBR031W,YLR340W
YKL006W,YLR340W
YLR340W,YML073C
YBR031W,YGL076C
YGL076C,YIL133C
YGL147C,YLR061W
YGL147C,YKR094C
YGL147C,YOR063W
YER056C-A,YGL147C
YHR010W,YKL180W
YKL180W,YOR312C
YJR094W-A,YKL180W
YER117W,YKL180W
YKL180W,YPL131W
YBL092W,YKL180W
YLR344W,YMR194W
YFR032C-A,YLR344W
YLR344W,YNL162W
YBL087C,YLR344W
YIL133C,YLR344W
YBR191W,YLR344W
YLR029C,YPL143W
YLR061W,YPL143W
YPL143W,YPR043W
YNL162W,YPL143W
YBR031W,YPL143W
YKL006W,YPL143W
YMR194W,YOL120C
YBR084C-A,YMR194W
YLR185W,YMR194W
YFR032C-A,YPR102C
YFR032C-A,YMR242C
YBR084C-A,YFR032C-A
YFR032C-A,YLR185W
YLR029C,YPR043W
YBR084C-A,YLR029C
YLR029C,YLR075W
YLR061W,YPR043W
YFR031C-A,YLR061W
YDL184C,YLR061W
YLR061W,YLR075W
YDL082W,YLR061W
YNL178W,YOR167C
YDR064W,YLR167W
YDR064W,YKR057W
YDR064W,YPR132W
YDR064W,YPL090C
YBL072C,YDR064W
YDR064W,YMR116C
YDR064W,YHL015W
YLR167W,YPR132W
YLR167W,YPL090C
YBL072C,YLR167W
YLR167W,YMR116C
YGR027C,YLR167W
YCR031C,YER074W
YCR031C,YDR025W
YCR031C,YLR388W
YLR287C-A,YOL121C
YOL121C,YOR182C
YBR048W,YOL121C
YJR123W,YOL121C
YGL189C,YOL121C
YOL121C,YOR293W
YBL072C,YKR057W
YKR057W,YML026C
YKR057W,YLR150W
YGR027C,YKR057W
YBR181C,YJL190C
YJL190C,YML026C
YJL190C,YJR123W
YGR214W,YJL190C
YJL190C,YLR150W
YBL087C,YPR102C
YOR063W,YPR102C
YIL133C,YPR102C
YBR191W,YPR102C
YHR010W,YHR141C
YHR010W,YNL301C
YBL027W,YHR010W
YDL136W,YHR010W
YDL191W,YHR010W
YHR010W,YLR325C
YDL075W,YIL133C
YDL075W,YER056C-A
YIL148W,YOR312C
YIL148W,YJR094W-A
YHR141C,YIL148W
YIL018W,YIL148W
YFR031C-A,YKR094C
YBL027W,YIL148W
YDL136W,YIL148W
YDL191W,YIL148W
YDL184C,YKR094C
YIL148W,YPL131W
YDL082W,YKR094C
YHR141C,YOR312C
YBL087C,YMR242C
YIL018W,YOR312C
YMR242C,YNL301C
YBL027W,YOR312C
YDL136W,YOR312C
YDL191W,YOR312C
YIL133C,YMR242C
YBR191W,YMR242C
YHR141C,YJR094W-A
YNL162W,YPR043W
YIL018W,YJR094W-A
YJR094W-A,YNL301C
YBL027W,YJR094W-A
YDL136W,YJR094W-A
YDL191W,YJR094W-A
YBR031W,YPR043W
YKL006W,YPR043W
YJR094W-A,YLR325C
YER117W,YHR141C
YBR084C-A,YNL162W
YHR141C,YPL131W
YBL092W,YHR141C
YLR185W,YNL162W
YBL072C,YPR132W
YGR118W,YOR096W
YGR027C,YPR132W
YDR025W,YER074W
YIL069C,YOR096W
YER074W,YLR388W
YBR048W,YLR287C-A
YBR048W,YOR182C
YML026C,YOR182C
YJR123W,YLR287C-A
YJR123W,YOR182C
YGL189C,YLR287C-A
YGL189C,YOR182C
YLR287C-A,YOR293W
YHR203C,YMR143W
YGR214W,YJR145C
YJR145C,YLR388W
YHR203C,YOR369C
YBL072C,YPL090C
YBR181C,YLR441C
YBR181C,YGR027C
YGR027C,YPL090C
YBR181C,YOR167C
YDR450W,YER102W
YER102W,YML026C
YER102W,YJR123W
YER102W,YGR214W
YBL072C,YMR116C
YBL072C,YHL015W
YER102W,YLR150W
YER117W,YFR031C-A
YER117W,YNL301C
YBL027W,YER117W
YDL136W,YER117W
YDL191W,YER117W
YBL087C,YLR185W
YER117W,YLR325C
YFR031C-A,YOR063W
YIL018W,YPL131W
YBL092W,YFR031C-A
YER056C-A,YIL018W
YBR048W,YDL083C
YBR048W,YKL156W
YDR025W,YLR388W
YBR048W,YOR293W
YNL301C,YOR063W
YBL092W,YNL301C
YER056C-A,YOL120C
YGL123W,YMR143W
YDL083C,YGL189C
YDL083C,YOR369C
YMR143W,YOR369C
YDR450W,YOR096W
YLR388W,YML026C
YML026C,YOR293W
YBL027W,YDL191W
YBR084C-A,YDL133C-A
YBR084C-A,YGL030W
YBR084C-A,YHL033C
YBL027W,YPL131W
YBL027W,YDL082W
YDL136W,YPL131W
YDL191W,YPL131W
YBL092W,YDL136W
YDL184C,YOR063W
YDL133C-A,YIL133C
YBL092W,YDL184C
YDL133C-A,YER056C-A
YBR031W,YKL006W
YBR031W,YLR075W
YGL030W,YIL133C
YLR325C,YOR063W
YML073C,YOR063W
YDL082W,YOR063W
YBR088C,YJR068W
YHL033C,YIL133C
YJL140W,YOR224C
YJL140W,YOL005C
YOR224C,YPR187W
YOR210W,YPR187W
YOL005C,YPR187W
YOR157C,YOR362C
YBL041W,YGR135W
YMR314W,YOR157C
YGL123W,YGL189C
YGL123W,YOR369C
YJR123W,YKL156W
YJR123W,YOR293W
YIL133C,YLR185W
YLR150W,YOR096W
YOL040C,YOR096W
YLR199C,YPR103W
YFR050C,YGR253C
YGR214W,YLR441C
YGR214W,YOR167C
YHR041C,YMR112C
YGL189C,YKL156W
YKL006W,YLR075W
YGR027C,YMR116C
YBL092W,YLR325C
YGR027C,YHL015W
YGL189C,YOR293W
YHR072W-A,YIL104C
YBR191W,YLR185W
YER056C-A,YML073C
